org_id,OrgName,Health and Wellbeing,Flexible Working,Bullying & Harassment,Violence,Burnout
0AR,NHS NORTH OF ENGLAND COMMISSIONING SUPPORT UNIT,61.38044371405083,58.33333333333321,3.207236842105256,0.4930156121610511,19.78653530377661
0CX,NHS MIDLANDS AND LANCASHIRE COMMISSIONING SUPPORT UNIT,70.06548175865296,81.42589118198883,6.466729147141498,0.3741814780168382,20.16806722689072
0DE,NHS ARDEN AND GREATER EAST MIDLANDS COMMISSIONING SUPPORT UNIT,75.11177347242916,81.07302533532037,3.125,0.1485884101040109,17.62962962962959
0DF,"NHS SOUTH, CENTRAL AND WEST COMMISSIONING SUPPORT UNIT",69.11337209302312,80.36231884057973,2.54730713245997,0.145243282498184,16.77512653651479
NAX,EAST COAST COMMUNITY HEALTHCARE C.I.C,64.24570808185402,65.43800679068424,17.23499019480309,8.321158238023417,36.33420179851262
NDJ,FIRST COMMUNITY HEALTH AND CARE CIC,80.61726591390403,75.83563388978816,13.69655587554623,1.801551204922547,25.97007812286849
NLX,SIRONA CARE & HEALTH,53.31483205092433,60.60398650659545,21.06616293848151,6.958445791466489,39.80189020235312
NQL,NAVIGO HEALTH AND SOCIAL CARE CIC,77.93561506921705,76.04707193537813,22.97963509956724,18.4140845596585,25.11757072671983
NR3,NOTTINGHAM CITYCARE PARTNERSHIP,59.83657267393352,67.44077497507742,22.79424980660677,6.963812064211387,32.05907587345634
NR5,LIVEWELL SOUTHWEST,60.70508671259276,66.49609497599613,23.1299651780796,10.41766407787761,37.40796969584698
NTV,CSH SURREY,57.5710963477728,70.94712366368937,17.35889498786829,5.275021166486109,28.93555650858366
NXP,INDEPENDENT HEALTH GROUP,69.8412698412698,78.125,4.615384615384626,,18.46153846153837
QF7,NHS SOUTH YORKSHIRE INTEGRATED CARE BOARD,71.45110410094627,87.44113029827311,8.580343213728545,1.412872841444271,29.12772585669777
QGH,NHS HEREFORDSHIRE AND WORCESTERSHIRE INTEGRATED CARE BOARD,65.94982078853036,70.60931899641568,9.352517985611506,0.3584229390680999,20.78853046594985
QH8,NHS MID AND SOUTH ESSEX INTEGRATED CARE BOARD,56.70731707317071,85.97560975609751,10.67073170731701,0.3048780487804878,21.03658536585354
QHG,"NHS BEDFORDSHIRE, LUTON AND MILTON KEYNES INTEGRATED CARE BOARD",61.95652173913034,83.69565217391298,4.347826086956522,,26.71480144404328
QHL,NHS BIRMINGHAM AND SOLIHULL INTEGRATED CARE BOARD,61.27320954907165,75.6613756613756,7.915567282321905,0.2638522427440633,29.84293193717274
QHM,NHS NORTH EAST AND NORTH CUMBRIA INTEGRATED CARE BOARD,57.07317073170726,83.94160583941601,6.127450980392148,0.4878048780487799,33.09002433090019
QJ2,NHS DERBY AND DERBYSHIRE INTEGRATED CARE BOARD,72.639225181598,87.86407766990297,5.60975609756097,0.24330900243309,21.06537530266338
QJG,NHS SUFFOLK AND NORTH EAST ESSEX INTEGRATED CARE BOARD,69.72477064220186,87.73006134969316,6.481481481481485,0.308641975308642,20.48929663608559
QJK,NHS DEVON INTEGRATED CARE BOARD,55.35168195718654,81.95718654434256,7.645259938837921,0.3076923076923077,29.35779816513762
QJM,NHS LINCOLNSHIRE INTEGRATED CARE BOARD,68.40148698884742,75.37313432835812,5.947955390334572,0.7434944237918215,21.93308550185863
QK1,"NHS LEICESTER, LEICESTERSHIRE AND RUTLAND INTEGRATED CARE BOARD",72.76595744680851,83.82978723404247,2.127659574468085,0.4273504273504265,22.1276595744681
QKK,NHS SOUTH EAST LONDON INTEGRATED CARE BOARD,59.71428571428567,79.71830985915483,4.788732394366189,,25.56179775280892
QKS,NHS KENT AND MEDWAY INTEGRATED CARE BOARD,49.40944881889767,83.62573099415197,5.048543689320358,0.7766990291262136,31.06796116504854
QM7,NHS HERTFORDSHIRE AND WEST ESSEX INTEGRATED CARE BOARD,70.47308319738981,83.93442622950819,4.262295081967202,0.326797385620915,23.36601307189543
QMF,NHS NORTH EAST LONDON INTEGRATED CARE BOARD,41.70403587443948,67.50369276218595,3.834808259587009,0.4431314623338237,32.35294117647046
QMJ,NHS NORTH CENTRAL LONDON INTEGRATED CARE BOARD,58.69074492099317,72.13483146067414,6.292134831460674,0.4484304932735422,26.68161434977569
QMM,NHS NORFOLK AND WAVENEY INTEGRATED CARE BOARD,49.4252873563218,80.73394495412838,7.30593607305936,0.6833712984054673,30.75170842824608
QNC,NHS STAFFORDSHIRE AND STOKE-ON-TRENT INTEGRATED CARE BOARD,68.85245901639333,81.5573770491803,4.508196721311473,,24.5901639344262
QNQ,NHS FRIMLEY INTEGRATED CARE BOARD,64.06779661016941,84.06779661016952,6.4625850340136,1.360544217687069,26.6891891891892
QNX,NHS SUSSEX INTEGRATED CARE BOARD,49.92248062015513,75.65891472868212,8.593749999999996,0.6230529595015576,36.74418604651169
QOC,"NHS SHROPSHIRE, TELFORD AND WREKIN INTEGRATED CARE BOARD",50.69767441860458,75.81395348837201,18.22429906542057,0.4672897196261682,29.76744186046512
QOP,NHS GREATER MANCHESTER INTEGRATED CARE BOARD,62.63208453410195,81.99811498586213,8.86792452830189,0.850661625708883,29.06867356538103
QOQ,NHS HUMBER AND NORTH YORKSHIRE INTEGRATED CARE BOARD,58.16164817749597,85.12658227848104,11.65354330708661,0.3149606299212583,29.8742138364779
QOX,"NHS BATH AND NORTH EAST SOMERSET, SWINDON AND WILTSHIRE INTEGRATED CARE BOARD",53.37837837837831,73.80952380952387,8.532423208191126,0.3401360544217679,25.0
QPM,NHS NORTHAMPTONSHIRE INTEGRATED CARE BOARD,51.02040816326531,75.51020408163252,5.442176870748299,0.684931506849315,23.28767123287669
QR1,NHS GLOUCESTERSHIRE INTEGRATED CARE BOARD,77.45664739884384,86.4161849710982,10.204081632653,1.156069364161838,23.98843930635826
QRL,NHS HAMPSHIRE AND ISLE OF WIGHT INTEGRATED CARE BOARD,50.63520871143391,70.886075949367,10.84990958408671,0.7207207207207198,33.33333333333333
QRV,NHS NORTH WEST LONDON INTEGRATED CARE BOARD,40.84507042253507,69.64285714285711,9.362549800796819,1.593625498007958,30.96646942800777
QSL,NHS SOMERSET INTEGRATED CARE BOARD,53.60000000000002,74.29718875501999,7.171314741035848,0.398406374501992,29.48207171314741
QT1,NHS NOTTINGHAM AND NOTTINGHAMSHIRE INTEGRATED CARE BOARD,62.55605381165915,86.54708520179378,4.72972972972973,0.2237136465324385,26.39821029082777
QT6,NHS CORNWALL AND THE ISLES OF SCILLY INTEGRATED CARE BOARD,40.19607843137249,74.5098039215685,8.780487804878058,,31.70731707317071
QU9,"NHS BUCKINGHAMSHIRE, OXFORDSHIRE AND BERKSHIRE WEST INTEGRATED CARE BOARD",43.32247557003251,74.75728155339793,8.143322475570033,0.324675324675324,35.064935064935
QUA,NHS BLACK COUNTRY INTEGRATED CARE BOARD,67.74193548387095,87.12871287128716,5.679012345679007,0.4938271604938271,24.00990099009904
QUE,NHS CAMBRIDGESHIRE AND PETERBOROUGH INTEGRATED CARE BOARD,58.43749999999995,73.98119122257049,6.875000000000006,0.6269592476489015,27.81249999999997
QUY,"NHS BRISTOL, NORTH SOMERSET AND SOUTH GLOUCESTERSHIRE INTEGRATED CARE BOARD",62.10826210826215,85.4285714285713,10.28571428571419,0.8547008547008548,23.64672364672367
QVV,NHS DORSET INTEGRATED CARE BOARD,65.62499999999999,82.80871670702167,3.855421686746988,,27.40384615384612
QWE,NHS SOUTH WEST LONDON INTEGRATED CARE BOARD,47.10920770877942,74.46351931330464,5.3763440860215,1.077586206896549,26.76659528907923
QWO,NHS WEST YORKSHIRE INTEGRATED CARE BOARD,66.53491436100157,82.020997375328,7.086614173228324,0.6561679790026247,28.92670157068056
QWU,NHS COVENTRY AND WARWICKSHIRE INTEGRATED CARE BOARD,63.57388316151204,82.87671232876706,7.191780821917802,0.3424657534246571,20.13651877133105
QXU,NHS SURREY HEARTLANDS INTEGRATED CARE BOARD,53.51758793969849,78.22784810126583,10.1010101010101,0.7537688442211046,30.57644110275681
QYG,NHS CHESHIRE AND MERSEYSIDE INTEGRATED CARE BOARD,60.14234875444831,81.83962264150976,7.520564042303173,0.5868544600938967,25.38190364277319
R0A,MANCHESTER UNIVERSITY NHS FOUNDATION TRUST,54.26440900233062,53.60057219751992,23.26431963604389,13.3792599208616,32.04099195354279
R0B,SOUTH TYNESIDE AND SUNDERLAND NHS FOUNDATION TRUST,58.66399548211102,59.49161307557219,26.12532973930215,14.73288069473859,31.83916769160979
R0D,UNIVERSITY HOSPITALS DORSET NHS FOUNDATION TRUST,58.85963706131258,57.05118258489388,22.79590478739754,13.38105746844559,32.36416424659367
R1A,HEREFORDSHIRE AND WORCESTERSHIRE HEALTH AND CARE NHS TRUST,64.0547342081137,70.65949115984311,25.24588919281221,11.97746398568479,36.23093930590961
R1C,SOLENT NHS TRUST,69.01506848180316,67.26038429416066,18.98260175963051,7.804557295045392,32.46198592722791
R1D,SHROPSHIRE COMMUNITY HEALTH NHS TRUST,63.58466018775375,64.1482306319861,19.1708359657897,7.818000200244208,32.43370308961976
R1F1,Unknown,45.63240220286984,49.31775530913288,24.70162274734569,16.00169767628829,36.06583226417137
R1F2,Unknown,44.21264191107396,42.05373553556365,45.94476580044076,33.85505769435879,45.93111332931431
R1H,BARTS HEALTH NHS TRUST,55.17215032520101,51.65543451563747,28.4137884002159,14.9196095455344,34.80400069419864
R1K,LONDON NORTH WEST UNIVERSITY HEALTHCARE NHS TRUST,62.58074643559315,55.58496989309079,29.28514953132041,16.79786751646427,29.30221345699302
R1L,ESSEX PARTNERSHIP UNIVERSITY NHS FOUNDATION TRUST,60.12911287286923,66.84565877031471,24.68799521035366,14.60170834291563,35.3907097921171
RA2,ROYAL SURREY COUNTY HOSPITAL NHS FOUNDATION TRUST,63.83245018589395,57.92761714982967,24.1263982715207,12.5096126887476,32.01596582690961
RA7,UNIVERSITY HOSPITALS BRISTOL AND WESTON NHS FOUNDATION TRUST,62.34644177901102,60.46734448818076,22.7113812467446,13.1700601655742,30.82509306723858
RA9,TORBAY AND SOUTH DEVON NHS FOUNDATION TRUST,51.09101996973352,57.60142130650201,23.23836033659042,13.12370518290117,37.37394844926849
RAE,BRADFORD TEACHING HOSPITALS NHS FOUNDATION TRUST,55.97111362888209,56.07653618338825,24.04576107056464,11.77224676796149,33.60620590124595
RAJ,MID AND SOUTH ESSEX NHS FOUNDATION TRUST,38.51489477956366,47.45371996505221,28.43573170870916,14.18829959807121,42.72877369838827
RAL,ROYAL FREE LONDON NHS FOUNDATION TRUST,54.24640148011708,55.2981636723363,29.84422799925455,15.08383181235708,32.57962261780576
RAN,ROYAL NATIONAL ORTHOPAEDIC HOSPITAL NHS TRUST,63.88245972892228,64.87839746172342,20.85242595356649,3.863835472101671,30.37162792400874
RAP,NORTH MIDDLESEX UNIVERSITY HOSPITAL NHS TRUST,53.22119388811064,54.80628465662114,28.29736420175365,18.86986067987912,32.4723037488189
RAS,THE HILLINGDON HOSPITALS NHS FOUNDATION TRUST,52.17662924534478,56.82696272752735,28.46170391213111,15.58888396439908,31.6352475881412
RAT,NORTH EAST LONDON NHS FOUNDATION TRUST,66.72057224038709,68.01097801483556,20.896578259892,8.437134924514737,33.67767572221066
RAX,KINGSTON AND RICHMOND NHS FOUNDATION TRUST,62.39863806602243,51.55155496590771,28.20791613811532,14.68455033653272,34.90160688063819
RBD,DORSET COUNTY HOSPITAL NHS FOUNDATION TRUST,61.08038546322258,61.79741117301013,22.02091893486219,13.36875272669965,34.18087780910131
RBK,WALSALL HEALTHCARE NHS TRUST,57.05493173159974,56.75115677480986,27.02692404941481,16.60462991156957,37.88040737569889
RBL,WIRRAL UNIVERSITY TEACHING HOSPITAL NHS FOUNDATION TRUST,46.50591107527463,52.23074017486044,24.02632341239071,16.47379840548906,36.50647045092411
RBN,MERSEY AND WEST LANCASHIRE TEACHING HOSPITALS NHS TRUST,60.63717674970356,49.27963625002783,21.52203941023947,13.2450013891397,31.31065003144399
RBQ,LIVERPOOL HEART AND CHEST HOSPITAL NHS FOUNDATION TRUST,74.15854922893239,63.60653853037685,11.50447511993291,5.263726453397569,18.58536888895691
RBS,ALDER HEY CHILDREN'S NHS FOUNDATION TRUST,66.69767359551307,64.11713376886986,14.63483591288963,6.384232979283337,31.29943227093619
RBT,MID CHESHIRE HOSPITALS NHS FOUNDATION TRUST,59.23579031265065,61.13979815219004,22.28711509784801,13.14174605166712,31.9039759345032
RBV,THE CHRISTIE NHS FOUNDATION TRUST,63.55317334345417,66.01316240467726,12.63319381587056,3.621279555036013,29.382638636714
RC9,BEDFORDSHIRE HOSPITALS NHS FOUNDATION TRUST,52.37820461360602,51.84848833396349,27.40917592086178,13.72208123072519,32.4703956369061
RCB,YORK AND SCARBOROUGH TEACHING HOSPITALS NHS FOUNDATION TRUST,47.87831788933968,56.54111956595289,25.49765257528093,14.99369913933489,36.75379158546823
RCD,HARROGATE AND DISTRICT NHS FOUNDATION TRUST,60.22793292461363,61.44833197819444,18.58910099181564,8.400178160804243,34.30221161468027
RCF,AIREDALE NHS FOUNDATION TRUST,56.65252587523991,56.61833200820098,22.92864836917588,12.68730336015208,33.49387508066398
RCU,SHEFFIELD CHILDREN'S NHS FOUNDATION TRUST,61.64550982660727,64.05852470531943,19.62388570784743,10.33250030514399,33.47622713722342
RCX,"THE QUEEN ELIZABETH HOSPITAL, KING'S LYNN, NHS FOUNDATION TRUST",43.80364368094362,45.49866892145019,25.85783434451511,15.98275195600217,38.51070112698168
RD1,ROYAL UNITED HOSPITALS BATH NHS FOUNDATION TRUST,53.17939448251899,55.78104661131587,26.47714503510523,15.67144857503043,36.25857642043869
RD8,MILTON KEYNES UNIVERSITY HOSPITAL NHS FOUNDATION TRUST,61.49320933360006,59.34033967990504,27.85229773592312,15.92847627105214,34.00176928408789
RDE,EAST SUFFOLK AND NORTH ESSEX NHS FOUNDATION TRUST,57.12801622475743,56.67709492937806,26.35967642380128,15.03858353213019,34.72792729952211
RDR,SUSSEX COMMUNITY NHS FOUNDATION TRUST,66.71638750320895,70.10349229312266,17.7699670151774,5.77946254402472,28.8324722192763
RDU,FRIMLEY HEALTH NHS FOUNDATION TRUST,56.3718089176724,57.86273726212248,25.45758177199208,15.8172528661854,30.89117058620134
RDY,DORSET HEALTHCARE UNIVERSITY NHS FOUNDATION TRUST,69.6406144406446,70.03769661174852,18.9856410200095,7.803020866727975,33.37343590699511
REF,ROYAL CORNWALL HOSPITALS NHS TRUST,49.96891430338258,53.58810248531274,23.87596212669915,14.33574608860388,37.30839392494489
REM,LIVERPOOL UNIVERSITY HOSPITALS NHS FOUNDATION TRUST,50.88079679085671,49.10527806362771,22.68490781979172,14.095910438774,31.55502707295519
REN,THE CLATTERBRIDGE CANCER CENTRE NHS FOUNDATION TRUST,65.54866416052072,63.06133860917098,11.01543266360322,1.52271786047166,26.98131957093331
REP,LIVERPOOL WOMEN'S NHS FOUNDATION TRUST,54.62888592510047,55.33133449670543,16.03433196220189,2.067153735714972,33.83988763207502
RET,THE WALTON CENTRE NHS FOUNDATION TRUST,64.01651717873564,57.58870314785069,21.9063329745488,13.98500714841711,28.99099381100772
RF4,"BARKING, HAVERING AND REDBRIDGE UNIVERSITY HOSPITALS NHS TRUST",53.27062933503891,51.9360422115701,29.10470842089952,16.6543838821277,36.10784770912861
RFF,BARNSLEY HOSPITAL NHS FOUNDATION TRUST,66.13558421968571,61.4676498117285,23.4881420381291,17.16492489099214,31.0136662431436
RFR,THE ROTHERHAM NHS FOUNDATION TRUST,60.5511468252981,57.97868421895335,23.12768226927632,15.67856515066383,33.21564206280812
RFS,CHESTERFIELD ROYAL HOSPITAL NHS FOUNDATION TRUST,68.04774369234528,61.54933990617154,26.41435140824558,19.18857203927603,35.19673749847339
RGD,LEEDS AND YORK PARTNERSHIP NHS FOUNDATION TRUST,69.65186029793587,72.69798726437952,23.22400481694809,19.1063912782552,30.47452534932609
RGM,ROYAL PAPWORTH HOSPITAL NHS FOUNDATION TRUST,66.93390860901775,67.00230449041229,17.58266024690609,6.02741246612871,30.77618390704763
RGN,NORTH WEST ANGLIA NHS FOUNDATION TRUST,56.29372492050862,53.52419262813569,29.60398984055889,16.79044739789998,37.16632228948029
RGP,JAMES PAGET UNIVERSITY HOSPITALS NHS FOUNDATION TRUST,52.92621806956045,59.83521367773866,29.86463589695359,19.6141626751763,37.83728872115402
RGR,WEST SUFFOLK NHS FOUNDATION TRUST,40.18383502705893,55.60384418261803,24.3862263166508,13.31756690371652,38.50196084712628
RGT,CAMBRIDGE UNIVERSITY HOSPITALS NHS FOUNDATION TRUST,60.09433053675797,63.16097248504354,21.80389327848399,12.20837490670081,33.93223859562907
RH5,SOMERSET NHS FOUNDATION TRUST,58.64388110158413,61.03847759777747,23.16255578892928,13.3229002987478,31.66247834456736
RH8,ROYAL DEVON UNIVERSITY HEALTHCARE NHS FOUNDATION TRUST,58.42394615606787,58.06350352871291,21.43801171472047,13.11524972155599,32.68018290548272
RHA,NOTTINGHAMSHIRE HEALTHCARE NHS FOUNDATION TRUST,56.96072821050823,63.54948438807634,25.26867877272759,15.1206058811677,39.21456439814249
RHM,UNIVERSITY HOSPITAL SOUTHAMPTON NHS FOUNDATION TRUST,58.27253343596512,62.1898308131977,23.87807093298988,14.99990487672912,31.33393784465317
RHQ,SHEFFIELD TEACHING HOSPITALS NHS FOUNDATION TRUST,56.32516006679358,51.60249843275234,23.6354151314002,14.4075022386785,33.4648496737743
RHU,PORTSMOUTH HOSPITALS UNIVERSITY NATIONAL HEALTH SERVICE TRUST,49.73542587438723,53.21158963013842,27.94001948253162,15.81875835211808,36.7334191484492
RHW,ROYAL BERKSHIRE NHS FOUNDATION TRUST,70.84457572156899,58.6099049993161,26.33974418910309,12.90487035465109,30.97611398946257
RJ1,GUY'S AND ST THOMAS' NHS FOUNDATION TRUST,60.10188910389839,57.31955340086952,25.1678060113299,9.833681867731512,34.59494964813899
RJ2,LEWISHAM AND GREENWICH NHS TRUST,59.3550864773193,56.54204270478781,31.22038978100844,16.98759273921859,32.17864540865206
RJ6,CROYDON HEALTH SERVICES NHS TRUST,51.14065731547566,50.73158500307785,30.1228299748875,17.62121184358004,34.270880546256
RJ7,ST GEORGE'S UNIVERSITY HOSPITALS NHS FOUNDATION TRUST,49.78286424385578,51.0324225773092,28.11329029370994,14.84548390448131,35.65995109446443
RJ8,CORNWALL PARTNERSHIP NHS FOUNDATION TRUST,59.48064489117802,63.23660097623507,24.28747602858463,12.28500125429698,41.56288659353529
RJC,SOUTH WARWICKSHIRE UNIVERSITY NHS FOUNDATION TRUST,67.54811929289504,66.59694391244312,21.26494727573854,10.655565109904,31.3602542284667
RJE,UNIVERSITY HOSPITALS OF NORTH MIDLANDS NHS TRUST,55.30525116670651,53.11079913174935,24.66606812027409,15.924907887508,33.88414056379824
RJL,NORTHERN LINCOLNSHIRE AND GOOLE NHS FOUNDATION TRUST,44.53326105381571,45.68658237432108,24.89662551578184,16.07312466700691,37.1325147635844
RJN,EAST CHESHIRE NHS TRUST,59.19304606445483,56.31673950511382,23.91776139231751,13.79170268455165,34.3331490307764
RJR,COUNTESS OF CHESTER HOSPITAL NHS FOUNDATION TRUST,51.57780412206888,44.90797999097261,28.223392604688,19.07538980906704,39.56998661210009
RJZ,KING'S COLLEGE HOSPITAL NHS FOUNDATION TRUST,45.80990895794424,47.15533765515006,30.97937543816689,17.27034554566381,37.1226985940535
RK5,SHERWOOD FOREST HOSPITALS NHS FOUNDATION TRUST,63.14458968746275,56.59469296475751,24.68696929888319,19.13723611117754,33.12580578497787
RK9,UNIVERSITY HOSPITALS PLYMOUTH NHS TRUST,55.80864001359259,58.39946183312868,25.02077399938401,17.61919564763713,36.25914388895541
RKB,UNIVERSITY HOSPITALS COVENTRY AND WARWICKSHIRE NHS TRUST,52.04600425969287,54.46744356844954,26.01760899871361,14.37028473899549,35.20702767714801
RKE,WHITTINGTON HEALTH NHS TRUST,53.45093921778005,54.25011463091482,26.74472470175289,12.24843273181368,33.3098515787594
RKL,WEST LONDON NHS TRUST,63.72529271373065,60.84909551902173,29.49997600620794,16.43231975081797,31.86287387013536
RL1,THE ROBERT JONES AND AGNES HUNT ORTHOPAEDIC HOSPITAL NHS FOUNDATION TRUST,64.31839918693463,59.97227476398721,18.66917729713329,5.386674828790004,26.61044546821178
RL4,THE ROYAL WOLVERHAMPTON NHS TRUST,57.07102352322553,55.93129272110608,23.91045451380915,10.82897379440949,32.83407508467956
RLQ,WYE VALLEY NHS TRUST,58.46780588898442,63.36288928017918,24.77634645732362,10.68546439245123,36.97252345132882
RLT,GEORGE ELIOT HOSPITAL NHS TRUST,57.57199258417751,57.93825458353628,22.84710498083939,14.42670595590164,29.11891405077098
RLY,NORTH STAFFORDSHIRE COMBINED HEALTHCARE NHS TRUST,69.72670700838827,72.45608009079973,22.9232901352976,18.23841155382999,29.62212658806397
RM1,NORFOLK AND NORWICH UNIVERSITY HOSPITALS NHS FOUNDATION TRUST,52.78644367821278,58.96772970454107,24.67318757832373,12.350620846795,37.47623032271218
RM3,NORTHERN CARE ALLIANCE NHS FOUNDATION TRUST,56.00247040612125,60.55126810071982,24.07400189254199,14.35994539209531,34.66573065991392
RMC,BOLTON NHS FOUNDATION TRUST,55.95480383292928,57.2250854099233,23.40647896545206,15.1130721076427,33.4252137336137
RMP,TAMESIDE AND GLOSSOP INTEGRATED CARE NHS FOUNDATION TRUST,53.30842879189947,54.33573584919071,25.00156216093581,13.00567950153688,33.96379922089289
RMY,NORFOLK AND SUFFOLK NHS FOUNDATION TRUST,49.85512559810896,66.08271546713488,27.74866923670421,15.66522325583309,41.85033553057762
RN3,GREAT WESTERN HOSPITALS NHS FOUNDATION TRUST,62.38297956071774,59.1573463935389,24.39894222053481,12.8031778978977,32.9541715512899
RN5,HAMPSHIRE HOSPITALS NHS FOUNDATION TRUST,55.58610588359883,55.30186194042538,23.67234373558668,15.160442807863,33.78263663003903
RN7,DARTFORD AND GRAVESHAM NHS TRUST,62.26936398533609,56.33600246123645,26.84798642891899,12.56180945021589,30.27410187660319
RNA,THE DUDLEY GROUP NHS FOUNDATION TRUST,53.45298614995069,56.4062163794877,23.02317573825312,12.5139438573457,37.27413539083421
RNK,TAVISTOCK AND PORTMAN NHS FOUNDATION TRUST,39.65973435887939,66.58602791702035,17.8387983223038,6.21197636620175,43.31687484952099
RNN,NORTH CUMBRIA INTEGRATED CARE NHS FOUNDATION TRUST,49.558079749007,52.8497776841871,22.60264500295541,14.79004506326713,33.96671415045208
RNQ,KETTERING GENERAL HOSPITAL NHS FOUNDATION TRUST,47.2955767247384,52.35489028122306,27.59038304974579,16.94929886611581,33.7734789464768
RNS,NORTHAMPTON GENERAL HOSPITAL NHS TRUST,56.82178160322388,58.40824187951682,27.52586362514475,16.03185390701151,33.44068320269717
RNU,OXFORD HEALTH NHS FOUNDATION TRUST,67.5948499510346,66.96879420906954,22.16459636536655,11.59954093765789,33.35413104961791
RNZ,SALISBURY NHS FOUNDATION TRUST,58.60352265477521,58.74023974161869,22.24003151426882,14.71949208422756,31.72429927047279
RP1,NORTHAMPTONSHIRE HEALTHCARE NHS FOUNDATION TRUST,69.36055859596074,70.42662150984124,21.59362336767854,11.4582936698732,29.92078778868951
RP4,GREAT ORMOND STREET HOSPITAL FOR CHILDREN NHS FOUNDATION TRUST,60.87990303545469,58.46717787911606,15.73576332489712,5.505489973367628,35.20531663139128
RP5,DONCASTER AND BASSETLAW TEACHING HOSPITALS NHS FOUNDATION TRUST,58.32951078850739,53.16540176217573,23.40987979850489,17.09394711340063,32.06628494933832
RP6,MOORFIELDS EYE HOSPITAL NHS FOUNDATION TRUST,55.91693777575716,53.83378982405412,22.643068223073,5.411530691288363,26.88559957964119
RP7,LINCOLNSHIRE PARTNERSHIP NHS FOUNDATION TRUST,67.2272419137434,72.5663325072958,23.03647752762279,15.38837937233872,33.91879116109347
RPA,MEDWAY NHS FOUNDATION TRUST,57.19691649359161,54.7014752730647,29.958962073208,16.83130309010298,34.53384657662568
RPC,QUEEN VICTORIA HOSPITAL NHS FOUNDATION TRUST,60.78674797443351,60.92448326468527,21.32818322417979,7.27551056165374,26.96874969696666
RPG,OXLEAS NHS FOUNDATION TRUST,69.45452189413874,64.90323892795419,25.42051778474859,12.05491780715658,30.27339264893891
RPY,THE ROYAL MARSDEN NHS FOUNDATION TRUST,61.42162770786794,59.23974056202365,17.03070522498961,3.499445595481802,31.36431690839689
RQ3,BIRMINGHAM WOMEN'S AND CHILDREN'S NHS FOUNDATION TRUST,57.19867635888063,61.57118101973298,20.04179720274526,7.408183069984108,37.7809393552965
RQM,CHELSEA AND WESTMINSTER HOSPITAL NHS FOUNDATION TRUST,62.34785028937007,55.75079051516371,32.93844564352835,16.46129509715189,34.38730881389729
RQW,THE PRINCESS ALEXANDRA HOSPITAL NHS TRUST,50.79382572909652,55.57397014182176,27.90057892792451,14.67391687363171,37.89625385509633
RQX,HOMERTON HEALTHCARE NHS FOUNDATION TRUST,52.15197439764891,52.61234990040392,30.66499282373669,13.73064471579003,38.22681910289009
RQY,SOUTH WEST LONDON AND ST GEORGE'S MENTAL HEALTH NHS TRUST,59.98996005060325,64.71855642741552,27.67202762666722,18.40755709188353,37.48363326690609
RR7,GATESHEAD HEALTH NHS FOUNDATION TRUST,55.47875440376385,59.4799401253688,20.3974507024992,15.50101911753991,36.97463140294759
RR8,LEEDS TEACHING HOSPITALS NHS TRUST,56.49811592731974,57.93345452458124,23.96229444744861,15.5114212451552,33.64461480734261
RRE,MIDLANDS PARTNERSHIP UNIVERSITY NHS FOUNDATION TRUST,69.35931329997675,70.78208188726438,18.93823917089019,8.88185847519252,30.92756182459794
RRF,"WRIGHTINGTON, WIGAN AND LEIGH NHS FOUNDATION TRUST",54.631403440687,56.50223749094879,21.32615522578104,11.10064913700928,32.1291995319874
RRJ,THE ROYAL ORTHOPAEDIC HOSPITAL NHS FOUNDATION TRUST,66.64939198518015,59.9951471608798,15.5647392286129,3.429288675334081,24.94988959400981
RRK,UNIVERSITY HOSPITALS BIRMINGHAM NHS FOUNDATION TRUST,51.24579318255267,54.75209235950931,25.0291495576485,13.2444203667842,35.41737348727116
RRP,"BARNET, ENFIELD AND HARINGEY MENTAL HEALTH NHS TRUST",52.56120237325902,57.67039796297869,28.2737621003525,16.7440885202307,32.60290099480503
RRU,LONDON AMBULANCE SERVICE NHS TRUST,49.72928964591436,40.88998512857629,46.52388522185403,31.6000186900858,41.15903787292024
RRV,UNIVERSITY COLLEGE LONDON HOSPITALS NHS FOUNDATION TRUST,65.7240268884424,62.76438546558276,29.79744157692013,11.2602292571143,34.0640188218808
RT1,CAMBRIDGESHIRE AND PETERBOROUGH NHS FOUNDATION TRUST,62.60450417459747,66.90770562377898,22.4077810503257,10.07101661507348,34.69223403800519
RT2,PENNINE CARE NHS FOUNDATION TRUST,68.19235956406038,73.2821216790312,24.79193472328291,17.29695280283027,34.24685240567172
RT5,LEICESTERSHIRE PARTNERSHIP NHS TRUST,69.51322049977551,72.07197619225612,19.53828966609911,11.88867014629242,30.74065941993693
RTD,THE NEWCASTLE UPON TYNE HOSPITALS NHS FOUNDATION TRUST,50.66899383968669,51.83923096071242,22.91704003306559,12.3921532088962,34.59548956416987
RTE,GLOUCESTERSHIRE HOSPITALS NHS FOUNDATION TRUST,48.58057413197499,53.57274085674803,22.916344296783,13.99964743983921,33.77200868487038
RTF,NORTHUMBRIA HEALTHCARE NHS FOUNDATION TRUST,68.75592153665592,52.69214329749852,20.93271876895083,13.3428626397036,29.45804826700709
RTG,UNIVERSITY HOSPITALS OF DERBY AND BURTON NHS FOUNDATION TRUST,56.82857768676792,55.99270605885987,24.39319010317871,15.09998900369679,34.3099197569743
RTH,OXFORD UNIVERSITY HOSPITALS NHS FOUNDATION TRUST,56.44904085317795,57.41635636821824,22.33854273282387,10.7758295773598,33.477347274331
RTK,ASHFORD AND ST PETER'S HOSPITALS NHS FOUNDATION TRUST,56.08091178031412,59.10892009977646,24.74652041788707,13.85920538866913,30.73042104353781
RTP,SURREY AND SUSSEX HEALTHCARE NHS TRUST,53.27375618729222,55.04443453998184,28.02471089554121,17.2437943155593,31.8553836676733
RTQ,GLOUCESTERSHIRE HEALTH AND CARE NHS FOUNDATION TRUST,68.46471607597087,66.74188897379365,21.80525131356179,11.10215577371359,32.33517836030489
RTR,SOUTH TEES HOSPITALS NHS FOUNDATION TRUST,48.83010834393096,49.54584025619723,22.85372141777592,13.13171107638949,35.1513078856382
RTX,UNIVERSITY HOSPITALS OF MORECAMBE BAY NHS FOUNDATION TRUST,53.73941868701082,53.79869253508343,23.06105605601361,12.29669783008798,33.5259322771855
RV3,CENTRAL AND NORTH WEST LONDON NHS FOUNDATION TRUST,59.34628332712811,60.86139784463796,24.14366669222751,11.81983772520781,34.12375787193302
RV5,SOUTH LONDON AND MAUDSLEY NHS FOUNDATION TRUST,54.1059286802548,61.2768210540401,28.641341054855,18.08328361863354,35.52747639194961
RV9,HUMBER TEACHING NHS FOUNDATION TRUST,72.71401539163259,71.15782648693096,19.99011972589051,12.33357447423939,33.28609185269319
RVJ,NORTH BRISTOL NHS TRUST,63.01739419974476,57.76034734308859,24.94802070938412,15.3317250472978,31.02224483908755
RVN,AVON AND WILTSHIRE MENTAL HEALTH PARTNERSHIP NHS TRUST,59.40998211988779,68.32067982013781,27.72458990456979,16.87243116370411,33.7572451512133
RVR,EPSOM AND ST HELIER UNIVERSITY HOSPITALS NHS TRUST,52.44585543396087,55.6790141696058,24.6845896122178,11.78693026845851,29.35722527845862
RVV,EAST KENT HOSPITALS UNIVERSITY NHS FOUNDATION TRUST,46.86404966526146,50.82460148879904,27.66561460810715,14.06134967666259,36.4485108559546
RVW,NORTH TEES AND HARTLEPOOL NHS FOUNDATION TRUST,59.47877084330698,58.16720100043226,22.43355795110116,13.39300217956347,32.55078782751932
RW1,HAMPSHIRE AND ISLE OF WIGHT HEALTHCARE NHS FOUNDATION TRUST,63.16294093465798,70.74589341085235,23.61994107865441,11.99831074799319,34.26441580791449
RW4,MERSEY CARE NHS FOUNDATION TRUST,63.71415826587711,61.7397696597011,20.01282475501888,10.97150657206119,30.77314850589324
RW5,LANCASHIRE & SOUTH CUMBRIA NHS FOUNDATION TRUST,64.5680721820299,67.63617249286862,22.75187536475105,14.3318633696919,35.0851182791053
RWA,HULL UNIVERSITY TEACHING HOSPITALS NHS TRUST,45.39536600981761,49.90743391486961,25.08713989565816,15.32477206482298,36.6563368363363
RWD,UNITED LINCOLNSHIRE TEACHING HOSPITALS NHS TRUST,54.14897723233343,55.46177621778444,22.61896069282293,14.11475507310018,34.47702653113666
RWE,UNIVERSITY HOSPITALS OF LEICESTER NHS TRUST,61.67999219224982,60.36895638699773,20.21868154340929,11.82931490417483,28.68806084561923
RWF,MAIDSTONE AND TUNBRIDGE WELLS NHS TRUST,64.37164464261328,58.97769902574434,25.55199574624784,11.6878459147052,30.90864872312121
RWG,WEST HERTFORDSHIRE TEACHING HOSPITALS NHS TRUST,59.25942728115534,57.54003389892962,27.54580859932812,16.96958665706198,32.81817248139032
RWH,EAST AND NORTH HERTFORDSHIRE NHS TRUST,53.90081142352927,56.81142747141623,27.4015248572608,13.29079654704051,31.13314158374513
RWJ,STOCKPORT NHS FOUNDATION TRUST,60.86320356154098,58.28765150005659,22.94054930384099,11.72623235989202,33.37560416970802
RWK,EAST LONDON NHS FOUNDATION TRUST,56.2269946628503,61.48156250319425,27.42154008854359,16.25103720254215,36.62996280153132
RWP,WORCESTERSHIRE ACUTE HOSPITALS NHS TRUST,54.02658461106742,59.86286407794063,23.35216346030154,14.92905495505023,34.43377852203122
RWR,HERTFORDSHIRE PARTNERSHIP UNIVERSITY NHS FOUNDATION TRUST,65.07712141978025,70.41427139456951,23.6654391082775,18.01234017895645,32.5342325451052
RWV,DEVON PARTNERSHIP NHS TRUST,62.28533756360463,76.19814706584123,24.99029514959539,15.11110242466933,36.08331424083788
RWW,WARRINGTON AND HALTON TEACHING HOSPITALS NHS FOUNDATION TRUST,63.56731811046612,56.92555811053536,22.78750355225939,16.96299435795904,27.87979510917779
RWX,BERKSHIRE HEALTHCARE NHS FOUNDATION TRUST,74.3419185118193,71.25108678941365,20.38883674845958,10.81431938311901,29.4503673701096
RWY,CALDERDALE AND HUDDERSFIELD NHS FOUNDATION TRUST,48.59079883058822,50.42683161451759,25.33131963822201,14.36445511414953,34.06884466633462
RX1,NOTTINGHAM UNIVERSITY HOSPITALS NHS TRUST,55.52100135688344,56.44999115726986,25.75945566226406,16.80207349422869,35.40587692197243
RX2,SUSSEX PARTNERSHIP NHS FOUNDATION TRUST,57.02170437720524,71.63651734599834,27.5305044924443,15.52716475683959,38.37521895713969
RX3,"TEES, ESK AND WEAR VALLEYS NHS FOUNDATION TRUST",59.35213846760977,63.57283457687858,22.55081972927897,16.6983141785699,34.5915345887193
RX4,"CUMBRIA, NORTHUMBERLAND, TYNE AND WEAR NHS FOUNDATION TRUST",62.40765075034164,66.67980596474406,26.3508111318176,21.32715107559577,34.5375830494107
RX6,NORTH EAST AMBULANCE SERVICE NHS FOUNDATION TRUST,45.72374941816994,34.70488831979956,49.83744429054317,32.10740115933732,37.83470774621758
RX7,NORTH WEST AMBULANCE SERVICE NHS TRUST,48.07213082707408,40.34753086000858,40.22426530995849,29.7012541385977,37.08834424348839
RX8,YORKSHIRE AMBULANCE SERVICE NHS TRUST,51.48495118168822,45.73802255507,45.24755159872964,32.22471555469309,38.25560433119922
RX9,EAST MIDLANDS AMBULANCE SERVICE NHS TRUST,47.40259373649484,47.67668444687073,39.79034098201642,29.57063769169791,39.21054045511477
RXA,CHESHIRE AND WIRRAL PARTNERSHIP NHS FOUNDATION TRUST,67.9626138876435,65.14367920982073,19.7776002293107,12.67253130489678,32.07119777656129
RXC,EAST SUSSEX HEALTHCARE NHS TRUST,57.46494905195737,54.81891515355191,26.11460539494995,14.15641538243479,35.78213666538203
RXE,ROTHERHAM DONCASTER AND SOUTH HUMBER NHS FOUNDATION TRUST,66.25723623378339,71.52623860003416,17.98922616417369,9.647931353648172,34.16161988630571
RXF,MID YORKSHIRE TEACHING NHS TRUST,53.76054883629682,52.26819843318856,25.86445591159018,16.50678941996419,36.93516558850052
RXG,SOUTH WEST YORKSHIRE PARTNERSHIP NHS FOUNDATION TRUST,64.56494529922416,68.41299751316376,21.98862488734075,13.28268658725942,31.4051264685667
RXK,SANDWELL AND WEST BIRMINGHAM HOSPITALS NHS TRUST,52.03320557415157,57.0272553946855,21.95608975050627,10.53220906592789,30.98530997126219
RXL,BLACKPOOL TEACHING HOSPITALS NHS FOUNDATION TRUST,55.93490222960158,55.37245130141903,22.19600336073235,13.21159172593979,34.96282929202007
RXM,DERBYSHIRE HEALTHCARE NHS FOUNDATION TRUST,67.48870764384665,71.86694128951775,21.01272738788601,12.93650229605883,32.56307386975908
RXN,LANCASHIRE TEACHING HOSPITALS NHS FOUNDATION TRUST,55.69041630029238,56.17765537071227,22.5212786415047,15.25992449506198,33.7474131345471
RXP,COUNTY DURHAM AND DARLINGTON NHS FOUNDATION TRUST,53.28626905245326,56.74286309042492,25.31440730901516,15.96195417330141,35.8778081704972
RXQ,BUCKINGHAMSHIRE HEALTHCARE NHS TRUST,68.79596817505805,61.71248350091577,23.77303389431941,12.00538590671621,29.76504314434083
RXR,EAST LANCASHIRE HOSPITALS NHS TRUST,56.43357148719492,54.30642467333657,24.39571471930489,13.43615726042571,35.23492966151436
RXT,BIRMINGHAM AND SOLIHULL MENTAL HEALTH NHS FOUNDATION TRUST,60.2389885055733,69.68583921600325,29.32951535221969,17.93194220276034,31.0695451517456
RXV,GREATER MANCHESTER MENTAL HEALTH NHS FOUNDATION TRUST,55.73585521879958,64.36349251994055,28.52182970843351,17.76159839238627,34.22773384048739
RXW,THE SHREWSBURY AND TELFORD HOSPITAL NHS TRUST,52.88084850435853,56.63942564258868,22.56995317094816,13.7875526679763,34.99621053503725
RXX,SURREY AND BORDERS PARTNERSHIP NHS FOUNDATION TRUST,65.89900520038353,61.9023032292755,21.6787156554164,12.56766028390203,34.97538268987687
RXY,KENT AND MEDWAY NHS AND SOCIAL CARE PARTNERSHIP TRUST,58.32205454104674,65.88818058961027,31.68123560848779,17.90465767647196,34.42569026226172
RY2,BRIDGEWATER COMMUNITY HEALTHCARE NHS FOUNDATION TRUST,69.965291629846,65.13375119103539,14.27376082172999,4.795840531808232,31.47778075248478
RY3,NORFOLK COMMUNITY HEALTH AND CARE NHS TRUST,71.0263850229126,74.03427898023331,19.582427346995,9.933780245820326,33.2708183177842
RY4,HERTFORDSHIRE COMMUNITY NHS TRUST,68.0887258232595,69.88252271410732,16.02966008324999,6.019671879239841,29.58843938788979
RY5,LINCOLNSHIRE COMMUNITY HEALTH SERVICES NHS TRUST,64.91691786859948,64.82770225169101,20.9423338033587,9.515895552750536,31.57981861882987
RY6,LEEDS COMMUNITY HEALTHCARE NHS TRUST,65.2939550858761,69.59007536783018,18.62639803883995,7.651777867001426,35.37240982583673
RY7,WIRRAL COMMUNITY HEALTH AND CARE NHS FOUNDATION TRUST,58.30693566756741,62.43104832201273,17.50345112145301,6.430857329179535,36.49602438652187
RY8,DERBYSHIRE COMMUNITY HEALTH SERVICES NHS FOUNDATION TRUST,70.19454155882909,67.22586313579701,17.30175687556509,9.070184092655518,29.52966102013103
RY9,HOUNSLOW AND RICHMOND COMMUNITY HEALTHCARE NHS TRUST,65.06707262942095,63.59130114770633,19.78186363341601,7.310795409593696,26.65660141559605
RYA,WEST MIDLANDS AMBULANCE SERVICE UNIVERSITY NHS FOUNDATION TRUST,51.60158430784101,39.94284976390045,44.75701060866751,33.78770890908888,39.05185487629731
RYC,EAST OF ENGLAND AMBULANCE SERVICE NHS TRUST,41.62639227481531,46.30241682337882,40.75805423431112,28.05658808501007,41.63826160108089
RYD,SOUTH EAST COAST AMBULANCE SERVICE NHS FOUNDATION TRUST,55.45682247575172,43.36657192770132,45.95283991298466,29.71667987244479,39.14685861701669
RYE,SOUTH CENTRAL AMBULANCE SERVICE NHS FOUNDATION TRUST,40.26028088830531,37.2047379009088,43.11820287038693,31.01180111349489,44.72364869067739
RYF,SOUTH WESTERN AMBULANCE SERVICE NHS FOUNDATION TRUST,45.71144519230281,33.18029636656409,38.0206358757932,27.45678975486341,41.69825688584432
RYG,COVENTRY AND WARWICKSHIRE PARTNERSHIP NHS TRUST,60.34966859612501,66.46053272541491,24.706478548438,17.28530740975275,32.7792438577045
RYJ,IMPERIAL COLLEGE HEALTHCARE NHS TRUST,58.60291216343506,54.88026222253445,29.46518228393309,15.3160288644073,32.27409438543553
RYR,UNIVERSITY HOSPITALS SUSSEX NHS FOUNDATION TRUST,51.40582471347815,58.02507740034317,28.23120570078648,17.4211974915064,37.56963265325155
RYV,CAMBRIDGESHIRE COMMUNITY SERVICES NHS TRUST,75.57071121697932,74.77526255612024,14.19698351927416,2.26385430810117,32.58769013951108
RYW,BIRMINGHAM COMMUNITY HEALTHCARE NHS FOUNDATION TRUST,59.57042627308402,65.6214290778372,21.51931549021239,12.0173912352968,33.72976282613269
RYX,CENTRAL LONDON COMMUNITY HEALTHCARE NHS TRUST,60.56619799760641,60.44869034459908,20.38559635331926,5.841708573746928,27.26769953370711
RYY,KENT COMMUNITY HEALTH NHS FOUNDATION TRUST,69.46858333304914,71.68147949848947,15.33034111491872,5.490626610339167,29.50012700229138
TAD,BRADFORD DISTRICT CARE NHS FOUNDATION TRUST,69.4399635180608,69.67536920105304,20.0159800425079,11.13086268869463,32.55381788995179
TAF,CAMDEN AND ISLINGTON NHS FOUNDATION TRUST,45.29184766136208,59.71305542570475,36.38572289667803,22.0467269426261,38.86828357486443
TAH,Sheffield Health & Social Care Nhs Foundation Trust,58.76707991060112,65.47185765914809,25.69707849742709,16.29938691163661,37.64658286577129
TAJ,BLACK COUNTRY HEALTHCARE NHS FOUNDATION TRUST,59.08393163727415,68.49497592961592,24.50007232109218,13.76446840536512,38.43643393253042
